{"cameraMode":{"drawMode":0,"name":"Shaded","section":"Shading Mode"},"sceneLighting":false,"audioPlay":false,"sceneViewState":{"m_AlwaysRefresh":false,"showFog":true,"showSkybox":false,"showFlares":true,"showImageEffects":true,"showParticleSystems":true,"showVisualEffectGraphs":true,"m_FxEnabled":true},"in2DMode":false,"pivot":{"x":90.13285064697266,"y":3.1007070541381838,"z":51.80438995361328},"rotation":{"x":-0.472988098859787,"y":-0.058561597019433978,"z":0.031243382021784784,"w":-0.8786476254463196},"size":0.7079999446868897,"orthographic":false}