{"cameraMode":{"drawMode":0,"name":"Shaded","section":"Shading Mode"},"sceneLighting":false,"audioPlay":false,"sceneViewState":{"m_AlwaysRefresh":false,"showFog":true,"showSkybox":false,"showFlares":true,"showImageEffects":true,"showParticleSystems":true,"showVisualEffectGraphs":true,"m_FxEnabled":true},"in2DMode":false,"pivot":{"x":-0.04566269367933273,"y":-0.6518999934196472,"z":-0.07338511943817139},"rotation":{"x":0.4661227762699127,"y":0.5342192649841309,"z":-0.5067081451416016,"w":0.4907088875770569},"size":0.22117489576339723,"orthographic":false}