{"cameraMode":{"drawMode":0,"name":"Shaded","section":"Shading Mode"},"sceneLighting":false,"audioPlay":false,"sceneViewState":{"m_AlwaysRefresh":false,"showFog":true,"showSkybox":false,"showFlares":true,"showImageEffects":true,"showParticleSystems":true,"showVisualEffectGraphs":true,"m_FxEnabled":true},"in2DMode":false,"pivot":{"x":-0.04351651668548584,"y":-0.6229594349861145,"z":-0.07547307014465332},"rotation":{"x":0.4661227762699127,"y":0.5342192649841309,"z":-0.5067081451416016,"w":0.4907088875770569},"size":0.2118881791830063,"orthographic":false}