{"cameraMode":{"drawMode":0,"name":"Shaded","section":"Shading Mode"},"sceneLighting":false,"audioPlay":false,"sceneViewState":{"m_AlwaysRefresh":false,"showFog":true,"showSkybox":false,"showFlares":true,"showImageEffects":true,"showParticleSystems":true,"showVisualEffectGraphs":true,"m_FxEnabled":true},"in2DMode":false,"pivot":{"x":0.006633162032812834,"y":0.6136826872825623,"z":0.0018262621015310288},"rotation":{"x":0.26565486192703249,"y":-0.2889666259288788,"z":0.0839010551571846,"w":0.9159635305404663},"size":0.28709158301353457,"orthographic":false}