{"cameraMode":{"drawMode":0,"name":"Shaded","section":"Shading Mode"},"sceneLighting":false,"audioPlay":false,"sceneViewState":{"m_AlwaysRefresh":false,"showFog":true,"showSkybox":false,"showFlares":true,"showImageEffects":true,"showParticleSystems":true,"showVisualEffectGraphs":true,"m_FxEnabled":true},"in2DMode":false,"pivot":{"x":-0.0272064208984375,"y":-0.001856088638305664,"z":-0.00760650634765625},"rotation":{"x":-0.30393102765083315,"y":0.6664261221885681,"z":-0.3463403582572937,"w":-0.5863662958145142},"size":0.06483054906129837,"orthographic":false}