{"cameraMode":{"drawMode":0,"name":"Shaded","section":"Shading Mode"},"sceneLighting":false,"audioPlay":false,"sceneViewState":{"m_AlwaysRefresh":false,"showFog":true,"showSkybox":false,"showFlares":true,"showImageEffects":true,"showParticleSystems":true,"showVisualEffectGraphs":true,"m_FxEnabled":true},"in2DMode":false,"pivot":{"x":90.07186126708985,"y":2.9700088500976564,"z":51.926753997802737},"rotation":{"x":-0.4626026451587677,"y":0.051944565027952197,"z":-0.027310188859701158,"w":-0.8846842050552368},"size":0.6477141976356506,"orthographic":false}