{"cameraMode":{"drawMode":0,"name":"Shaded","section":"Shading Mode"},"sceneLighting":false,"audioPlay":false,"sceneViewState":{"m_AlwaysRefresh":false,"showFog":true,"showSkybox":false,"showFlares":true,"showImageEffects":true,"showParticleSystems":true,"showVisualEffectGraphs":true,"m_FxEnabled":true},"in2DMode":false,"pivot":{"x":89.79759216308594,"y":3.0428781509399416,"z":49.053985595703128},"rotation":{"x":0.6366495490074158,"y":0.015265295282006264,"z":-0.012620980851352215,"w":0.7708985805511475},"size":0.10509352385997772,"orthographic":false}